{
    "name": "root",
    "metadata": {
        "timer_format_version": "0.1.0",
        "start_time_seconds": "1653554124",
        "python_version": "3.8.6 (tags/v3.8.6:db45529, Sep 23 2020, 15:52:53) [MSC v.1927 64 bit (AMD64)]",
        "command_line_arguments": "E:\\pyTorch\\env\\Scripts\\mlagents-learn CarDriver.yaml --run-id=Agent26052201 --resume",
        "mlagents_version": "0.25.1",
        "mlagents_envs_version": "0.25.1",
        "communication_protocol_version": "1.5.0",
        "pytorch_version": "1.11.0+cpu",
        "numpy_version": "1.22.3",
        "end_time_seconds": "1653554139"
    },
    "total": 15.5650407,
    "count": 1,
    "self": 0.013828300000000127,
    "children": {
        "run_training.setup": {
            "total": 0.17597079999999998,
            "count": 1,
            "self": 0.17597079999999998
        },
        "TrainerController.start_learning": {
            "total": 15.3752416,
            "count": 1,
            "self": 0.023466499999999613,
            "children": {
                "TrainerController._reset_env": {
                    "total": 7.7043692,
                    "count": 1,
                    "self": 7.7043692
                },
                "TrainerController.advance": {
                    "total": 7.068614700000003,
                    "count": 384,
                    "self": 0.009802800000006329,
                    "children": {
                        "env_step": {
                            "total": 7.058811899999997,
                            "count": 384,
                            "self": 5.852134399999986,
                            "children": {
                                "SubprocessEnvManager._take_step": {
                                    "total": 1.1965195000000008,
                                    "count": 384,
                                    "self": 0.045491100000022655,
                                    "children": {
                                        "TorchPolicy.evaluate": {
                                            "total": 1.1510283999999782,
                                            "count": 384,
                                            "self": 0.23828349999997656,
                                            "children": {
                                                "TorchPolicy.sample_actions": {
                                                    "total": 0.9127449000000016,
                                                    "count": 384,
                                                    "self": 0.9127449000000016
                                                }
                                            }
                                        }
                                    }
                                },
                                "workers": {
                                    "total": 0.010158000000009437,
                                    "count": 383,
                                    "self": 0.0,
                                    "children": {
                                        "worker_root": {
                                            "total": 7.07842199999999,
                                            "count": 383,
                                            "is_parallel": true,
                                            "self": 2.121595799999989,
                                            "children": {
                                                "steps_from_proto": {
                                                    "total": 0.0009103999999995338,
                                                    "count": 1,
                                                    "is_parallel": true,
                                                    "self": 0.00046400000000001995,
                                                    "children": {
                                                        "_process_rank_one_or_two_observation": {
                                                            "total": 0.00044639999999951385,
                                                            "count": 4,
                                                            "is_parallel": true,
                                                            "self": 0.00044639999999951385
                                                        }
                                                    }
                                                },
                                                "UnityEnvironment.step": {
                                                    "total": 4.955915800000001,
                                                    "count": 383,
                                                    "is_parallel": true,
                                                    "self": 0.06852920000001195,
                                                    "children": {
                                                        "UnityEnvironment._generate_step_input": {
                                                            "total": 0.05901539999999095,
                                                            "count": 383,
                                                            "is_parallel": true,
                                                            "self": 0.05901539999999095
                                                        },
                                                        "communicator.exchange": {
                                                            "total": 4.5253792000000015,
                                                            "count": 383,
                                                            "is_parallel": true,
                                                            "self": 4.5253792000000015
                                                        },
                                                        "steps_from_proto": {
                                                            "total": 0.30299199999999704,
                                                            "count": 383,
                                                            "is_parallel": true,
                                                            "self": 0.1789643000000094,
                                                            "children": {
                                                                "_process_rank_one_or_two_observation": {
                                                                    "total": 0.12402769999998764,
                                                                    "count": 1532,
                                                                    "is_parallel": true,
                                                                    "self": 0.12402769999998764
                                                                }
                                                            }
                                                        }
                                                    }
                                                }
                                            }
                                        }
                                    }
                                }
                            }
                        }
                    }
                },
                "trainer_threads": {
                    "total": 3.8499999998720114e-05,
                    "count": 1,
                    "self": 3.8499999998720114e-05,
                    "children": {
                        "thread_root": {
                            "total": 0.0,
                            "count": 0,
                            "is_parallel": true,
                            "self": 0.0,
                            "children": {
                                "trainer_advance": {
                                    "total": 7.074166799999993,