{
    "name": "root",
    "gauges": {
        "CarDriver.Policy.Entropy.mean": {
            "value": 0.1020665168762207,
            "min": 0.0688563659787178,
            "max": 0.35162153840065,
            "count": 69
        },
        "CarDriver.Policy.Entropy.sum": {
            "value": 1224.7982177734375,
            "min": 826.2764282226562,
            "max": 4219.45849609375,
            "count": 69
        },
        "CarDriver.Policy.ExtrinsicValueEstimate.mean": {
            "value": 2.3144092559814453,
            "min": 1.0762656927108765,
            "max": 2.370359420776367,
            "count": 69
        },
        "CarDriver.Policy.ExtrinsicValueEstimate.sum": {
            "value": 27.772911071777344,
            "min": 12.915188789367676,
            "max": 28.444313049316406,
            "count": 69
        },
        "CarDriver.Environment.EpisodeLength.mean": {
            "value": 3999.0,
            "min": 3999.0,
            "max": 3999.0,
            "count": 69
        },
        "CarDriver.Environment.EpisodeLength.sum": {
            "value": 11997.0,
            "min": 7998.0,
            "max": 11997.0,
            "count": 69
        },
        "CarDriver.Environment.CumulativeReward.mean": {
            "value": 93.16666666666667,
            "min": 21.166666666666668,
            "max": 94.0,
            "count": 69
        },
        "CarDriver.Environment.CumulativeReward.sum": {
            "value": 279.5,
            "min": 63.5,
            "max": 282.0,
            "count": 69
        },
        "CarDriver.Policy.ExtrinsicReward.mean": {
            "value": 93.16666666666667,
            "min": 21.166666666666668,
            "max": 94.0,
            "count": 69
        },
        "CarDriver.Policy.ExtrinsicReward.sum": {
            "value": 279.5,
            "min": 63.5,
            "max": 282.0,
            "count": 69
        },
        "CarDriver.IsTraining.mean": {
            "value": 1.0,
            "min": 1.0,
            "max": 1.0,
            "count": 69
        },
        "CarDriver.IsTraining.sum": {
            "value": 1.0,
            "min": 1.0,
            "max": 1.0,
            "count": 69
        },
        "CarDriver.Losses.PolicyLoss.mean": {
            "value": 0.046474089942103815,
            "min": 0.04333136746999881,
            "max": 0.05845285640911214,
            "count": 68
        },
        "CarDriver.Losses.PolicyLoss.sum": {
            "value": 0.046474089942103815,
            "min": 0.04333136746999881,
            "max": 0.10361254174957081,
            "count": 68
        },
        "CarDriver.Losses.ValueLoss.mean": {
            "value": 0.020527609010478332,
            "min": 0.018686809377478703,
            "max": 0.1352240801567123,
            "count": 68
        },
        "CarDriver.Losses.ValueLoss.sum": {
            "value": 0.020527609010478332,
            "min": 0.018686809377478703,
            "max": 0.2598210718068812,
            "count": 68
        },
        "CarDriver.Policy.LearningRate.mean": {
            "value": 0.00029795601008133035,
            "min": 0.00029795601008133035,
            "max": 0.00029844110991963024,
            "count": 68
        },
        "CarDriver.Policy.LearningRate.sum": {
            "value": 0.00029795601008133035,
            "min": 0.00029795601008133035,
            "max": 0.0005968822198392605,
            "count": 68
        },
        "CarDriver.Policy.Epsilon.mean": {
            "value": 0.19931866980000007,
            "min": 0.19931866980000007,
            "max": 0.19948036979999997,
            "count": 68
        },
        "CarDriver.Policy.Epsilon.sum": {
            "value": 0.19931866980000007,
            "min": 0.19931866980000007,
            "max": 0.39896073959999995,
            "count": 68
        },
        "CarDriver.Policy.Beta.mean": {
            "value": 0.00099325483102,
            "min": 0.00099325483102,
            "max": 0.0009948556610200002,
            "count": 68
        },
        "CarDriver.Policy.Beta.sum": {
            "value": 0.00099325483102,
            "min": 0.00099325483102,
            "max": 0.0019897113220400005,
            "count": 68
        },
        "CarDriver.Losses.PretrainingLoss.mean": {
            "value": 0.4392528901497523,
            "min": 0.43912082811196645,
            "max": 0.44661269187927244,
            "count": 68
        },
        "CarDriver.Losses.PretrainingLoss.sum": {
            "value": 0.4392528901497523,
            "min": 0.43912082811196645,
            "max": 0.886555016040802,
            "count": 68
        }
    },
    "metadata": {
        "timer_format_version": "0.1.0",
        "start_time_seconds": "1655133712",
        "python_version": "3.8.6 (tags/v3.8.6:db45529, Sep 23 2020, 15:52:53) [MSC v.1927 64 bit (AMD64)]",
        "command_line_arguments": "E:\\pyTorch\\env\\Scripts\\mlagents-learn CarDriver.yaml --run-id=Niedziela1200 --resume",
        "mlagents_version": "0.25.1",
        "mlagents_envs_version": "0.25.1",
        "communication_protocol_version": "1.5.0",
        "pytorch_version": "1.11.0+cpu",
        "numpy_version": "1.22.3",
        "end_time_seconds": "1655141434"
    },
    "total": 7721.9962543,
    "count": 1,
    "self": 0.011530499999935273,
    "children": {
        "run_training.setup": {
            "total": 0.08252530000000002,
            "count": 1,
            "self": 0.08252530000000002
        },
        "TrainerController.start_learning": {
            "total": 7721.9021985,
            "count": 1,
            "self": 31.97384729996793,
            "children": {
                "TrainerController._reset_env": {
                    "total": 7.5018838,
                    "count": 1,
                    "self": 5.9879790999999996,
                    "children": {
                        "demo_to_buffer": {
                            "total": 1.5139047000000003,
                            "count": 1,
                            "self": 5.440000000156431e-05,
                            "children": {
                                "load_demonstration": {
                                    "total": 0.020031999999999606,
                                    "count": 1,
                                    "self": 0.0196935999999992,
                                    "children": {
                                        "read_file": {
                                            "total": 0.00033840000000040504,
                                            "count": 1,
                                            "self": 0.00033840000000040504
                                        }
                                    }
                                },
                                "make_demo_buffer": {
                                    "total": 1.4938182999999992,
                                    "count": 1,
                                    "self": 0.18748199999999837,
                                    "children": {
                                        "steps_from_proto": {
                                            "total": 1.3063363000000008,
                                            "count": 5188,
                                            "self": 0.8901502000000887,
                                            "children": {
                                                "_process_rank_one_or_two_observation": {
                                                    "total": 0.4161860999999121,
                                                    "count": 20752,
                                                    "self": 0.4161860999999121
                                                }
                                            }
                                        }
                                    }
                                }
                            }
                        }
                    }
                },