{
    "name": "root",
    "gauges": {
        "CarDriver.Policy.Entropy.mean": {
            "value": 0.12032929807901382,
            "min": 0.0834016501903534,
            "max": 0.12032929807901382,
            "count": 5
        },
        "CarDriver.Policy.Entropy.sum": {
            "value": 1443.9515380859375,
            "min": 133.44264221191406,
            "max": 1443.9515380859375,
            "count": 5
        },
        "CarDriver.Environment.EpisodeLength.mean": {
            "value": 799.0,
            "min": 799.0,
            "max": 799.0,
            "count": 5
        },
        "CarDriver.Environment.EpisodeLength.sum": {
            "value": 11985.0,
            "min": 1598.0,
            "max": 11985.0,
            "count": 5
        },
        "CarDriver.Policy.ExtrinsicValueEstimate.mean": {
            "value": 6.61689567565918,
            "min": 2.2961385250091553,
            "max": 6.61689567565918,
            "count": 5
        },
        "CarDriver.Policy.ExtrinsicValueEstimate.sum": {
            "value": 99.25343322753906,
            "min": 2.2961385250091553,
            "max": 99.25343322753906,
            "count": 5
        },
        "CarDriver.Environment.CumulativeReward.mean": {
            "value": 90.5,
            "min": 90.5,
            "max": 93.5,
            "count": 5
        },
        "CarDriver.Environment.CumulativeReward.sum": {
            "value": 1357.5,
            "min": 93.5,
            "max": 1394.0,
            "count": 5
        },
        "CarDriver.Policy.ExtrinsicReward.mean": {
            "value": 90.5,
            "min": 90.5,
            "max": 93.5,
            "count": 5
        },
        "CarDriver.Policy.ExtrinsicReward.sum": {
            "value": 1357.5,
            "min": 93.5,
            "max": 1394.0,
            "count": 5
        },
        "CarDriver.IsTraining.mean": {
            "value": 1.0,
            "min": 1.0,
            "max": 1.0,
            "count": 5
        },
        "CarDriver.IsTraining.sum": {
            "value": 1.0,
            "min": 1.0,
            "max": 1.0,
            "count": 5
        },
        "CarDriver.Losses.PolicyLoss.mean": {
            "value": 0.04609991614706814,
            "min": 0.04609991614706814,
            "max": 0.0530400500264174,
            "count": 4
        },
        "CarDriver.Losses.PolicyLoss.sum": {
            "value": 0.04609991614706814,
            "min": 0.04609991614706814,
            "max": 0.0530400500264174,
            "count": 4
        },
        "CarDriver.Losses.ValueLoss.mean": {
            "value": 0.23963922796150047,
            "min": 0.23963922796150047,
            "max": 0.2555887080729008,
            "count": 4
        },
        "CarDriver.Losses.ValueLoss.sum": {
            "value": 0.23963922796150047,
            "min": 0.23963922796150047,
            "max": 0.2555887080729008,
            "count": 4
        },
        "CarDriver.Policy.LearningRate.mean": {
            "value": 0.0002978949301016901,
            "min": 0.0002978949301016901,
            "max": 0.0002979136500954501,
            "count": 4
        },
        "CarDriver.Policy.LearningRate.sum": {
            "value": 0.0002978949301016901,
            "min": 0.0002978949301016901,
            "max": 0.0002979136500954501,
            "count": 4
        },
        "CarDriver.Policy.Epsilon.mean": {
            "value": 0.19929830980000005,
            "min": 0.19929830980000005,
            "max": 0.19930454979999995,
            "count": 4
        },
        "CarDriver.Policy.Epsilon.sum": {
            "value": 0.19929830980000005,
            "min": 0.19929830980000005,
            "max": 0.19930454979999995,
            "count": 4
        },
        "CarDriver.Policy.Beta.mean": {
            "value": 0.0009930532670200001,
            "min": 0.0009930532670200001,
            "max": 0.00099311504302,
            "count": 4
        },
        "CarDriver.Policy.Beta.sum": {
            "value": 0.0009930532670200001,
            "min": 0.0009930532670200001,
            "max": 0.00099311504302,
            "count": 4
        },
        "CarDriver.Losses.PretrainingLoss.mean": {
            "value": 0.448907075325648,
            "min": 0.43951547940572105,
            "max": 0.448907075325648,
            "count": 4
        },
        "CarDriver.Losses.PretrainingLoss.sum": {
            "value": 0.448907075325648,
            "min": 0.43951547940572105,
            "max": 0.448907075325648,
            "count": 4
        }
    },
    "metadata": {
        "timer_format_version": "0.1.0",
        "start_time_seconds": "1655291218",
        "python_version": "3.8.6 (tags/v3.8.6:db45529, Sep 23 2020, 15:52:53) [MSC v.1927 64 bit (AMD64)]",
        "command_line_arguments": "E:\\pyTorch\\env\\Scripts\\mlagents-learn CarDriver.yaml --run-id=Niedziela1200 --resume",
        "mlagents_version": "0.25.1",
        "mlagents_envs_version": "0.25.1",
        "communication_protocol_version": "1.5.0",
        "pytorch_version": "1.11.0+cpu",
        "numpy_version": "1.22.3",
        "end_time_seconds": "1655291843"
    },
    "total": 624.1903775999999,
    "count": 1,
    "self": 0.008050599999933183,
    "children": {
        "run_training.setup": {
            "total": 0.0819417,
            "count": 1,
            "self": 0.0819417
        },
        "TrainerController.start_learning": {
            "total": 624.1003853,
            "count": 1,
            "self": 1.8976589999924727,
            "children": {
                "TrainerController._reset_env": {
                    "total": 5.56057,
                    "count": 1,
                    "self": 4.5183428,
                    "children": {
                        "demo_to_buffer": {
                            "total": 1.0422272000000001,
                            "count": 1,
                            "self": 5.620000000039482e-05,
                            "children": {
                                "load_demonstration": {
                                    "total": 0.016334800000000094,
                                    "count": 1,
                                    "self": 0.015983199999999975,
                                    "children": {
                                        "read_file": {
                                            "total": 0.0003516000000001185,
                                            "count": 1,
                                            "self": 0.0003516000000001185
                                        }
                                    }
                                },
                                "make_demo_buffer": {
                                    "total": 1.0258361999999996,
                                    "count": 1,
                                    "self": 0.1537272000000014,
                                    "children": {
                                        "steps_from_proto": {
                                            "total": 0.8721089999999982,
                                            "count": 5188,
                                            "self": 0.5359423000000083,
                                            "children": {
                                                "_process_rank_one_or_two_observation": {
                                                    "total": 0.33616669999998994,
                                                    "count": 20752,
                                                    "self": 0.33616669999998994
                                                }
                                            }
                                        }
                                    }
                                }
                            }
                        }
                    }
                },
                "TrainerController.advance": {
                    "total": 616.4362640000074,